first_name,last_name
Яро,Све
Юри,Пон
Фёд,Кол
Все,Оле
Яна,Фир
Ева,Аки
Еле,Неч
Иго,Бес
Мар,Бло
Мак,Мух
Гри,Ана
Юли,Гав
Вер,Кор
Дем,Лоб
Сав,Выс
Вад,Тер
Анд,Ерш
Пав,Пар
Пав,Гле
Ива,Иса
Дан,Утк
Роб,Ком
Гле,Изм
Мих,Саф
Вяч,Шес
Все,Лит
Мак,Чес
Мак,Усо
Ром,Бур
Але,Ефи
Бор,Сол
Нин,Ели
Ива,Роз
Ели,Жук
Лео,Вин
Кар,Боч
Гри,Мин
Яро,Пир
Диа,Кра
Кар,Шев
Арт,Мин
Дан,Мух
Кри,Фил
Бор,Про
Ром,Хох
Вад,Дор
Ник,Лук
Пол,Гри
Нин,Пок
Иль,Веш
Оле,Мор
Тат,Утк
Мар,Вав
Ста,Бал
Бог,Бал
Вар,Рус
Род,Мос
Иль,Шес
Ека,Уша
Кир,Жар
Зоя,Тка
Алё,Гущ
Арт,Щег
Анд,Наз
Его,Зим
Ева,Зел
Гор,Жар
Дем,Меш
Ник,Бел
Арс,Кры
Юри,Хро
Али,Гер
Вер,Арх
Кон,Гер
Тих,Фил
Ана,Жил
Яро,Сне
Юри,Неф
Его,Пла
Тат,Цар
Бор,Гал
Вер,Шил
Тат,Дег
Ари,Дав
Дми,Яши
Тат,Сус
Ром,Тих
Дар,Ром
Ари,Гал
Гор,Лоп
Гео,Зор
Анг,Кар
Ром,Шил
Тат,Ани
Бог,Ерм
Свя,Мур
Кон,Дол
Евг,Ере
Гор,Фил
Пав,Боч
